         1         1       280 -16.50000     -2.598076             4         5         2
         1         2       280 -15.00000      0.000000             6         7         3
         1         3       280 -13.50000     -2.598076             8         9         4
         1         4       280 -12.00000      0.000000            10        11         5
         1         5       280 -13.50000      2.598076            12        13         6
         1         6       280 -12.00000      5.196152            14        15         7
         1         7       280 -10.50000     -2.598076            16        17         8
         1         8       280 -9.000000      0.000000            18        19         9
         1         9       280 -10.50000      2.598076            20        21        10
         1        10       280 -9.000000      5.196152            22        23        11
         1        11       280 -7.500000     -2.598076            24        25        12
         1        12       280 -6.000000      0.000000            26        27        13
         1        13       280 -7.500000      2.598076            28        29        14
         1        14       280 -6.000000      5.196152            30        31        15
         1        15       280 -4.500000     -2.598076            32        33        16
         1        16       280 -3.000000      0.000000            34        35        17
         1        17       280 -4.500000      2.598076            36        37        18
         1        18       280 -3.000000      5.196152            38        39        19
         1        19       280 -1.500000     -2.598076            40        41        20
         1        20       280  0.000000      0.000000            42        43        21
         1        21       280 -1.500000      2.598076            44        45        22
         1        22       280  0.000000      5.196152            46        47        23
         1        23       280  1.500000     -2.598076            48        49        24
         1        24       280  3.000000      0.000000            50        51        25
         1        25       280  1.500000      2.598076            52        53        26
         1        26       280  3.000000      5.196152            54        55        27
         1        27       280  4.500000      2.598076            56        57        28
         1        28       280  6.000000      5.196152            58        59        29
         2         1       280 -58.50000      18.18653             4         5         2
         2         2       280 -57.00000      20.78461             6         7         3
         2         3       280 -55.50000      18.18653             8         9         4
         2         4       280 -54.00000      20.78461            10        11         5
         2         5       280 -55.50000      23.38269            12        13         6
         2         6       280 -54.00000      25.98076            14        15         7
         2         7       280 -52.50000      18.18653            16        17         8
         2         8       280 -51.00000      20.78461            18        19         9
         2         9       280 -52.50000      23.38269            20        21        10
         2        10       280 -51.00000      25.98076            22        23        11
         2        11       280 -49.50000      18.18653            24        25        12
         2        12       280 -48.00000      20.78461            26        27        13
         2        13       280 -49.50000      23.38269            28        29        14
         2        14       280 -48.00000      25.98076            30        31        15
         2        15       280 -46.50000      23.38269            32        33        16
         2        16       280 -45.00000      25.98076            34        35        17
         3         1       280 -52.50000      28.57884             4         5         2
         3         2       280 -51.00000      31.17691             6         7         3
         3         3       280 -49.50000      28.57884             8         9         4
         3         4       280 -48.00000      31.17691            10        11         5
         3         5       280 -49.50000      33.77499            12        13         6
         3         6       280 -48.00000      36.37307            14        15         7
         3         7       280 -46.50000      28.57884            16        17         8
         3         8       280 -45.00000      31.17691            18        19         9
         3         9       280 -46.50000      33.77499            20        21        10
         3        10       280 -45.00000      36.37307            22        23        11
         3        11       280 -43.50000      28.57884            24        25        12
         3        12       280 -42.00000      31.17691            26        27        13
         3        13       280 -43.50000      33.77499            28        29        14
         3        14       280 -42.00000      36.37307            30        31        15
         3        15       280 -40.50000      33.77499            32        33        16
         3        16       280 -39.00000      36.37307            34        35        17
         4         1       280 -46.50000      38.97115             4         5         2
         4         2       280 -45.00000      41.56922             6         7         3
         4         3       280 -43.50000      38.97115             8         9         4
         4         4       280 -42.00000      41.56922            10        11         5
         4         5       280 -43.50000      44.16730            12        13         6
         4         6       280 -40.50000      38.97115            14        15         7
         4         7       280 -39.00000      41.56922            16        17         8
         4         8       280 -40.50000      44.16730            18        19         9
         4         9       280 -39.00000      46.76537            20        21        10
         4        10       280 -37.50000      38.97115            22        23        11
         4        11       280 -36.00000      41.56922            24        25        12
         4        12       280 -37.50000      44.16730            26        27        13
         4        13       280 -36.00000      46.76537            28        29        14
         4        14       280 -34.50000      44.16730            30        31        15
         4        15       280 -33.00000      46.76537            32        33        16
         5         1       280 -60.00000     -15.58846             4         5         2
         5         2       280 -57.00000     -20.78461             6         7         3
         5         3       280 -58.50000     -18.18653             8         9         4
         5         4       280 -57.00000     -15.58846            10        11         5
         5         5       280 -55.50000     -23.38269            12        13         6
         5         6       280 -54.00000     -20.78461            14        15         7
         5         7       280 -55.50000     -18.18653            16        17         8
         5         8       280 -54.00000     -15.58846            18        19         9
         5         9       280 -52.50000     -23.38269            20        21        10
         5        10       280 -51.00000     -20.78461            22        23        11
         5        11       280 -52.50000     -18.18653            24        25        12
         5        12       280 -51.00000     -15.58846            26        27        13
         5        13       280 -49.50000     -18.18653            28        29        14
         5        14       280 -48.00000     -15.58846            30        31        15
         6         1       280 -60.00000     -10.39230             4         5         2
         6         2       280 -61.50000     -7.794229             6         7         3
         6         3       280 -60.00000     -5.196152             8         9         4
         6         4       280 -58.50000     -12.99038            10        11         5
         6         5       280 -57.00000     -10.39230            12        13         6
         6         6       280 -58.50000     -7.794229            14        15         7
         6         7       280 -57.00000     -5.196152            16        17         8
         6         8       280 -55.50000     -12.99038            18        19         9
         6         9       280 -54.00000     -10.39230            20        21        10
         6        10       280 -55.50000     -7.794229            22        23        11
         6        11       280 -54.00000     -5.196152            24        25        12
         6        12       280 -52.50000     -12.99038            26        27        13
         6        13       280 -51.00000     -10.39230            28        29        14
         6        14       280 -52.50000     -7.794229            30        31        15
         6        15       280 -51.00000     -5.196152            32        33        16
         6        16       280 -49.50000     -12.99038            34        35        17
         6        17       280 -48.00000     -10.39230            36        37        18
         6        18       280 -49.50000     -7.794229            38        39        19
         6        19       280 -48.00000     -5.196152            40        41        20
         6        20       280 -46.50000     -12.99038            42        43        21
         6        21       280 -45.00000     -10.39230            44        45        22
         6        22       280 -46.50000     -7.794229            46        47        23
         6        23       280 -45.00000     -5.196152            48        49        24
         6        24       280 -43.50000     -7.794229            50        51        25
         6        25       280 -42.00000     -5.196152            52        53        26
         7         1       280 -58.50000     -2.598076             4         5         2
         7         2       280 -57.00000      0.000000             6         7         3
         7         3       280 -55.50000     -2.598076             8         9         4
         7         4       280 -54.00000      0.000000            10        11         5
         7         5       280 -55.50000      2.598076            12        13         6
         7         6       280 -54.00000      5.196152            14        15         7
         7         7       280 -52.50000     -2.598076            16        17         8
         7         8       280 -51.00000      0.000000            18        19         9
         7         9       280 -52.50000      2.598076            20        21        10
         7        10       280 -51.00000      5.196152            22        23        11
         7        11       280 -49.50000     -2.598076            24        25        12
         7        12       280 -48.00000      0.000000            26        27        13
         7        13       280 -49.50000      2.598076            28        29        14
         7        14       280 -48.00000      5.196152            30        31        15
         7        15       280 -46.50000     -2.598076            32        33        16
         7        16       280 -45.00000      0.000000            34        35        17
         7        17       280 -46.50000      2.598076            36        37        18
         7        18       280 -45.00000      5.196152            38        39        19
         7        19       280 -43.50000     -2.598076            40        41        20
         7        20       280 -42.00000      0.000000            42        43        21
         7        21       280 -43.50000      2.598076            44        45        22
         7        22       280 -42.00000      5.196152            46        47        23
         7        23       280 -40.50000     -2.598076            48        49        24
         7        24       280 -39.00000      0.000000            50        51        25
         7        25       280 -40.50000      2.598076            52        53        26
         7        26       280 -39.00000      5.196152            54        55        27
         7        27       280 -37.50000      2.598076            56        57        28
         7        28       280 -36.00000      5.196152            58        59        29
         8         1       280 -52.50000      7.794229             4         5         2
         8         2       280 -51.00000      10.39230             6         7         3
         8         3       280 -49.50000      7.794229             8         9         4
         8         4       280 -48.00000      10.39230            10        11         5
         8         5       280 -49.50000      12.99038            12        13         6
         8         6       280 -48.00000      15.58846            14        15         7
         8         7       280 -46.50000      7.794229            16        17         8
         8         8       280 -45.00000      10.39230            18        19         9
         8         9       280 -46.50000      12.99038            20        21        10
         8        10       280 -45.00000      15.58846            22        23        11
         8        11       280 -43.50000      7.794229            24        25        12
         8        12       280 -42.00000      10.39230            26        27        13
         8        13       280 -43.50000      12.99038            28        29        14
         8        14       280 -42.00000      15.58846            30        31        15
         8        15       280 -40.50000      7.794229            32        33        16
         8        16       280 -39.00000      10.39230            34        35        17
         8        17       280 -40.50000      12.99038            36        37        18
         8        18       280 -39.00000      15.58846            38        39        19
         8        19       280 -37.50000      7.794229            40        41        20
         8        20       280 -36.00000      10.39230            42        43        21
         8        21       280 -37.50000      12.99038            44        45        22
         8        22       280 -36.00000      15.58846            46        47        23
         8        23       280 -34.50000      7.794229            48        49        24
         8        24       280 -33.00000      10.39230            50        51        25
         8        25       280 -34.50000      12.99038            52        53        26
         8        26       280 -33.00000      15.58846            54        55        27
         8        27       280 -31.50000      12.99038            56        57        28
         8        28       280 -30.00000      15.58846            58        59        29
         9         1       280 -46.50000      18.18653             4         5         2
         9         2       280 -45.00000      20.78461             6         7         3
         9         3       280 -43.50000      18.18653             8         9         4
         9         4       280 -42.00000      20.78461            10        11         5
         9         5       280 -43.50000      23.38269            12        13         6
         9         6       280 -42.00000      25.98076            14        15         7
         9         7       280 -40.50000      18.18653            16        17         8
         9         8       280 -39.00000      20.78461            18        19         9
         9         9       280 -40.50000      23.38269            20        21        10
         9        10       280 -39.00000      25.98076            22        23        11
         9        11       280 -37.50000      18.18653            24        25        12
         9        12       280 -36.00000      20.78461            26        27        13
         9        13       280 -37.50000      23.38269            28        29        14
         9        14       280 -36.00000      25.98076            30        31        15
         9        15       280 -34.50000      18.18653            32        33        16
         9        16       280 -33.00000      20.78461            34        35        17
         9        17       280 -34.50000      23.38269            36        37        18
         9        18       280 -33.00000      25.98076            38        39        19
         9        19       280 -31.50000      18.18653            40        41        20
         9        20       280 -30.00000      20.78461            42        43        21
         9        21       280 -31.50000      23.38269            44        45        22
         9        22       280 -30.00000      25.98076            46        47        23
         9        23       280 -28.50000      18.18653            48        49        24
         9        24       280 -27.00000      20.78461            50        51        25
         9        25       280 -28.50000      23.38269            52        53        26
         9        26       280 -27.00000      25.98076            54        55        27
         9        27       280 -25.50000      23.38269            56        57        28
         9        28       280 -24.00000      25.98076            58        59        29
        10         1       280 -40.50000      28.57884             4         5         2
        10         2       280 -39.00000      31.17691             6         7         3
        10         3       280 -37.50000      28.57884             8         9         4
        10         4       280 -36.00000      31.17691            10        11         5
        10         5       280 -37.50000      33.77499            12        13         6
        10         6       280 -36.00000      36.37307            14        15         7
        10         7       280 -34.50000      28.57884            16        17         8
        10         8       280 -33.00000      31.17691            18        19         9
        10         9       280 -34.50000      33.77499            20        21        10
        10        10       280 -33.00000      36.37307            22        23        11
        10        11       280 -31.50000      28.57884            24        25        12
        10        12       280 -30.00000      31.17691            26        27        13
        10        13       280 -31.50000      33.77499            28        29        14
        10        14       280 -30.00000      36.37307            30        31        15
        10        15       280 -28.50000      28.57884            32        33        16
        10        16       280 -27.00000      31.17691            34        35        17
        10        17       280 -28.50000      33.77499            36        37        18
        10        18       280 -27.00000      36.37307            38        39        19
        10        19       280 -25.50000      28.57884            40        41        20
        10        20       280 -24.00000      31.17691            42        43        21
        10        21       280 -25.50000      33.77499            44        45        22
        10        22       280 -24.00000      36.37307            46        47        23
        10        23       280 -22.50000      28.57884            48        49        24
        10        24       280 -21.00000      31.17691            50        51        25
        10        25       280 -22.50000      33.77499            52        53        26
        10        26       280 -21.00000      36.37307            54        55        27
        10        27       280 -19.50000      33.77499            56        57        28
        10        28       280 -18.00000      36.37307            58        59        29
        11         1       280 -34.50000      38.97115             4         5         2
        11         2       280 -33.00000      41.56922             6         7         3
        11         3       280 -31.50000      38.97115             8         9         4
        11         4       280 -30.00000      41.56922            10        11         5
        11         5       280 -31.50000      44.16730            12        13         6
        11         6       280 -30.00000      46.76537            14        15         7
        11         7       280 -28.50000      38.97115            16        17         8
        11         8       280 -27.00000      41.56922            18        19         9
        11         9       280 -28.50000      44.16730            20        21        10
        11        10       280 -27.00000      46.76537            22        23        11
        11        11       280 -25.50000      38.97115            24        25        12
        11        12       280 -24.00000      41.56922            26        27        13
        11        13       280 -25.50000      44.16730            28        29        14
        11        14       280 -24.00000      46.76537            30        31        15
        11        15       280 -22.50000      38.97115            32        33        16
        11        16       280 -21.00000      41.56922            34        35        17
        11        17       280 -22.50000      44.16730            36        37        18
        11        18       280 -21.00000      46.76537            38        39        19
        11        19       280 -19.50000      38.97115            40        41        20
        11        20       280 -18.00000      41.56922            42        43        21
        11        21       280 -19.50000      44.16730            44        45        22
        11        22       280 -18.00000      46.76537            46        47        23
        11        23       280 -16.50000      38.97115            48        49        24
        11        24       280 -15.00000      41.56922            50        51        25
        11        25       280 -16.50000      44.16730            52        53        26
        11        26       280 -15.00000      46.76537            54        55        27
        11        27       280 -13.50000      44.16730            56        57        28
        11        28       280 -12.00000      46.76537            58        59        29
        12         1       280 -28.50000      49.36345             4         5         2
        12         2       280 -27.00000      51.96152             6         7         3
        12         3       280 -25.50000      49.36345             8         9         4
        12         4       280 -24.00000      51.96152            10        11         5
        12         5       280 -25.50000      54.55960            12        13         6
        12         6       280 -24.00000      57.15768            14        15         7
        12         7       280 -22.50000      49.36345            16        17         8
        12         8       280 -21.00000      51.96152            18        19         9
        12         9       280 -22.50000      54.55960            20        21        10
        12        10       280 -21.00000      57.15768            22        23        11
        12        11       280 -19.50000      49.36345            24        25        12
        12        12       280 -18.00000      51.96152            26        27        13
        12        13       280 -19.50000      54.55960            28        29        14
        12        14       280 -18.00000      57.15768            30        31        15
        12        15       280 -16.50000      49.36345            32        33        16
        12        16       280 -15.00000      51.96152            34        35        17
        12        17       280 -16.50000      54.55960            36        37        18
        12        18       280 -15.00000      57.15768            38        39        19
        12        19       280 -13.50000      49.36345            40        41        20
        12        20       280 -12.00000      51.96152            42        43        21
        12        21       280 -13.50000      54.55960            44        45        22
        12        22       280 -12.00000      57.15768            46        47        23
        12        23       280 -10.50000      49.36345            48        49        24
        12        24       280 -9.000000      51.96152            50        51        25
        12        25       280 -10.50000      54.55960            52        53        26
        12        26       280 -9.000000      57.15768            54        55        27
        12        27       280 -7.500000      54.55960            56        57        28
        12        28       280 -6.000000      57.15768            58        59        29
        13         1       280 -48.00000     -36.37307             4         5         2
        13         2       280 -45.00000     -41.56922             6         7         3
        13         3       280 -46.50000     -38.97115             8         9         4
        13         4       280 -45.00000     -36.37307            10        11         5
        13         5       280 -43.50000     -44.16730            12        13         6
        13         6       280 -42.00000     -41.56922            14        15         7
        13         7       280 -43.50000     -38.97115            16        17         8
        13         8       280 -42.00000     -36.37307            18        19         9
        13         9       280 -40.50000     -38.97115            20        21        10
        13        10       280 -39.00000     -36.37307            22        23        11
        14         1       280 -51.00000     -31.17691             4         5         2
        14         2       280 -52.50000     -28.57884             6         7         3
        14         3       280 -51.00000     -25.98076             8         9         4
        14         4       280 -49.50000     -33.77499            10        11         5
        14         5       280 -48.00000     -31.17691            12        13         6
        14         6       280 -49.50000     -28.57884            14        15         7
        14         7       280 -48.00000     -25.98076            16        17         8
        14         8       280 -46.50000     -33.77499            18        19         9
        14         9       280 -45.00000     -31.17691            20        21        10
        14        10       280 -46.50000     -28.57884            22        23        11
        14        11       280 -45.00000     -25.98076            24        25        12
        14        12       280 -43.50000     -33.77499            26        27        13
        14        13       280 -42.00000     -31.17691            28        29        14
        14        14       280 -43.50000     -28.57884            30        31        15
        14        15       280 -42.00000     -25.98076            32        33        16
        14        16       280 -40.50000     -33.77499            34        35        17
        14        17       280 -39.00000     -31.17691            36        37        18
        14        18       280 -40.50000     -28.57884            38        39        19
        14        19       280 -39.00000     -25.98076            40        41        20
        14        20       280 -37.50000     -33.77499            42        43        21
        14        21       280 -36.00000     -31.17691            44        45        22
        14        22       280 -37.50000     -28.57884            46        47        23
        14        23       280 -36.00000     -25.98076            48        49        24
        14        24       280 -34.50000     -28.57884            50        51        25
        14        25       280 -33.00000     -25.98076            52        53        26
        15         1       280 -49.50000     -23.38269             4         5         2
        15         2       280 -48.00000     -20.78461             6         7         3
        15         3       280 -46.50000     -23.38269             8         9         4
        15         4       280 -45.00000     -20.78461            10        11         5
        15         5       280 -46.50000     -18.18653            12        13         6
        15         6       280 -45.00000     -15.58846            14        15         7
        15         7       280 -43.50000     -23.38269            16        17         8
        15         8       280 -42.00000     -20.78461            18        19         9
        15         9       280 -43.50000     -18.18653            20        21        10
        15        10       280 -42.00000     -15.58846            22        23        11
        15        11       280 -40.50000     -23.38269            24        25        12
        15        12       280 -39.00000     -20.78461            26        27        13
        15        13       280 -40.50000     -18.18653            28        29        14
        15        14       280 -39.00000     -15.58846            30        31        15
        15        15       280 -37.50000     -23.38269            32        33        16
        15        16       280 -36.00000     -20.78461            34        35        17
        15        17       280 -37.50000     -18.18653            36        37        18
        15        18       280 -36.00000     -15.58846            38        39        19
        15        19       280 -34.50000     -23.38269            40        41        20
        15        20       280 -33.00000     -20.78461            42        43        21
        15        21       280 -34.50000     -18.18653            44        45        22
        15        22       280 -33.00000     -15.58846            46        47        23
        15        23       280 -31.50000     -23.38269            48        49        24
        15        24       280 -30.00000     -20.78461            50        51        25
        15        25       280 -31.50000     -18.18653            52        53        26
        15        26       280 -30.00000     -15.58846            54        55        27
        15        27       280 -28.50000     -18.18653            56        57        28
        15        28       280 -27.00000     -15.58846            58        59        29
        16         1       280 -43.50000     -12.99038             4         5         2
        16         2       280 -42.00000     -10.39230             6         7         3
        16         3       280 -40.50000     -12.99038             8         9         4
        16         4       280 -39.00000     -10.39230            10        11         5
        16         5       280 -40.50000     -7.794229            12        13         6
        16         6       280 -39.00000     -5.196152            14        15         7
        16         7       280 -37.50000     -12.99038            16        17         8
        16         8       280 -36.00000     -10.39230            18        19         9
        16         9       280 -37.50000     -7.794229            20        21        10
        16        10       280 -36.00000     -5.196152            22        23        11
        16        11       280 -34.50000     -12.99038            24        25        12
        16        12       280 -33.00000     -10.39230            26        27        13
        16        13       280 -34.50000     -7.794229            28        29        14
        16        14       280 -33.00000     -5.196152            30        31        15
        16        15       280 -31.50000     -12.99038            32        33        16
        16        16       280 -30.00000     -10.39230            34        35        17
        16        17       280 -31.50000     -7.794229            36        37        18
        16        18       280 -30.00000     -5.196152            38        39        19
        16        19       280 -28.50000     -12.99038            40        41        20
        16        20       280 -27.00000     -10.39230            42        43        21
        16        21       280 -28.50000     -7.794229            44        45        22
        16        22       280 -27.00000     -5.196152            46        47        23
        16        23       280 -25.50000     -12.99038            48        49        24
        16        24       280 -24.00000     -10.39230            50        51        25
        16        25       280 -25.50000     -7.794229            52        53        26
        16        26       280 -24.00000     -5.196152            54        55        27
        16        27       280 -22.50000     -7.794229            56        57        28
        16        28       280 -21.00000     -5.196152            58        59        29
        17         1       280 -37.50000     -2.598076             4         5         2
        17         2       280 -36.00000      0.000000             6         7         3
        17         3       280 -34.50000     -2.598076             8         9         4
        17         4       280 -33.00000      0.000000            10        11         5
        17         5       280 -34.50000      2.598076            12        13         6
        17         6       280 -33.00000      5.196152            14        15         7
        17         7       280 -31.50000     -2.598076            16        17         8
        17         8       280 -30.00000      0.000000            18        19         9
        17         9       280 -31.50000      2.598076            20        21        10
        17        10       280 -30.00000      5.196152            22        23        11
        17        11       280 -28.50000     -2.598076            24        25        12
        17        12       280 -27.00000      0.000000            26        27        13
        17        13       280 -28.50000      2.598076            28        29        14
        17        14       280 -27.00000      5.196152            30        31        15
        17        15       280 -25.50000     -2.598076            32        33        16
        17        16       280 -24.00000      0.000000            34        35        17
        17        17       280 -25.50000      2.598076            36        37        18
        17        18       280 -24.00000      5.196152            38        39        19
        17        19       280 -22.50000     -2.598076            40        41        20
        17        20       280 -21.00000      0.000000            42        43        21
        17        21       280 -22.50000      2.598076            44        45        22
        17        22       280 -21.00000      5.196152            46        47        23
        17        23       280 -19.50000     -2.598076            48        49        24
        17        24       280 -18.00000      0.000000            50        51        25
        17        25       280 -19.50000      2.598076            52        53        26
        17        26       280 -18.00000      5.196152            54        55        27
        17        27       280 -16.50000      2.598076            56        57        28
        17        28       280 -15.00000      5.196152            58        59        29
        18         1       280 -31.50000      7.794229             4         5         2
        18         2       280 -30.00000      10.39230             6         7         3
        18         3       280 -28.50000      7.794229             8         9         4
        18         4       280 -27.00000      10.39230            10        11         5
        18         5       280 -28.50000      12.99038            12        13         6
        18         6       280 -27.00000      15.58846            14        15         7
        18         7       280 -25.50000      7.794229            16        17         8
        18         8       280 -24.00000      10.39230            18        19         9
        18         9       280 -25.50000      12.99038            20        21        10
        18        10       280 -24.00000      15.58846            22        23        11
        18        11       280 -22.50000      7.794229            24        25        12
        18        12       280 -21.00000      10.39230            26        27        13
        18        13       280 -22.50000      12.99038            28        29        14
        18        14       280 -21.00000      15.58846            30        31        15
        18        15       280 -19.50000      7.794229            32        33        16
        18        16       280 -18.00000      10.39230            34        35        17
        18        17       280 -19.50000      12.99038            36        37        18
        18        18       280 -18.00000      15.58846            38        39        19
        18        19       280 -16.50000      7.794229            40        41        20
        18        20       280 -15.00000      10.39230            42        43        21
        18        21       280 -16.50000      12.99038            44        45        22
        18        22       280 -15.00000      15.58846            46        47        23
        18        23       280 -13.50000      7.794229            48        49        24
        18        24       280 -12.00000      10.39230            50        51        25
        18        25       280 -13.50000      12.99038            52        53        26
        18        26       280 -12.00000      15.58846            54        55        27
        18        27       280 -10.50000      12.99038            56        57        28
        18        28       280 -9.000000      15.58846            58        59        29
        19         1       280 -25.50000      18.18653             4         5         2
        19         2       280 -24.00000      20.78461             6         7         3
        19         3       280 -22.50000      18.18653             8         9         4
        19         4       280 -21.00000      20.78461            10        11         5
        19         5       280 -22.50000      23.38269            12        13         6
        19         6       280 -21.00000      25.98076            14        15         7
        19         7       280 -19.50000      18.18653            16        17         8
        19         8       280 -18.00000      20.78461            18        19         9
        19         9       280 -19.50000      23.38269            20        21        10
        19        10       280 -18.00000      25.98076            22        23        11
        19        11       280 -16.50000      18.18653            24        25        12
        19        12       280 -15.00000      20.78461            26        27        13
        19        13       280 -16.50000      23.38269            28        29        14
        19        14       280 -15.00000      25.98076            30        31        15
        19        15       280 -13.50000      18.18653            32        33        16
        19        16       280 -12.00000      20.78461            34        35        17
        19        17       280 -13.50000      23.38269            36        37        18
        19        18       280 -12.00000      25.98076            38        39        19
        19        19       280 -10.50000      18.18653            40        41        20
        19        20       280 -9.000000      20.78461            42        43        21
        19        21       280 -10.50000      23.38269            44        45        22
        19        22       280 -9.000000      25.98076            46        47        23
        19        23       280 -7.500000      18.18653            48        49        24
        19        24       280 -6.000000      20.78461            50        51        25
        19        25       280 -7.500000      23.38269            52        53        26
        19        26       280 -6.000000      25.98076            54        55        27
        19        27       280 -4.500000      23.38269            56        57        28
        19        28       280 -3.000000      25.98076            58        59        29
        20         1       280 -19.50000      28.57884             4         5         2
        20         2       280 -18.00000      31.17691             6         7         3
        20         3       280 -16.50000      28.57884             8         9         4
        20         4       280 -15.00000      31.17691            10        11         5
        20         5       280 -16.50000      33.77499            12        13         6
        20         6       280 -15.00000      36.37307            14        15         7
        20         7       280 -13.50000      28.57884            16        17         8
        20         8       280 -12.00000      31.17691            18        19         9
        20         9       280 -13.50000      33.77499            20        21        10
        20        10       280 -12.00000      36.37307            22        23        11
        20        11       280 -10.50000      28.57884            24        25        12
        20        12       280 -9.000000      31.17691            26        27        13
        20        13       280 -10.50000      33.77499            28        29        14
        20        14       280 -9.000000      36.37307            30        31        15
        20        15       280 -7.500000      28.57884            32        33        16
        20        16       280 -6.000000      31.17691            34        35        17
        20        17       280 -7.500000      33.77499            36        37        18
        20        18       280 -6.000000      36.37307            38        39        19
        20        19       280 -4.500000      28.57884            40        41        20
        20        20       280 -3.000000      31.17691            42        43        21
        20        21       280 -4.500000      33.77499            44        45        22
        20        22       280 -3.000000      36.37307            46        47        23
        20        23       280 -1.500000      28.57884            48        49        24
        20        24       280  0.000000      31.17691            50        51        25
        20        25       280 -1.500000      33.77499            52        53        26
        20        26       280  0.000000      36.37307            54        55        27
        20        27       280  1.500000      33.77499            56        57        28
        20        28       280  3.000000      36.37307            58        59        29
        21         1       280 -13.50000      38.97115             4         5         2
        21         2       280 -12.00000      41.56922             6         7         3
        21         3       280 -10.50000      38.97115             8         9         4
        21         4       280 -9.000000      41.56922            10        11         5
        21         5       280 -10.50000      44.16730            12        13         6
        21         6       280 -9.000000      46.76537            14        15         7
        21         7       280 -7.500000      38.97115            16        17         8
        21         8       280 -6.000000      41.56922            18        19         9
        21         9       280 -7.500000      44.16730            20        21        10
        21        10       280 -6.000000      46.76537            22        23        11
        21        11       280 -4.500000      38.97115            24        25        12
        21        12       280 -3.000000      41.56922            26        27        13
        21        13       280 -4.500000      44.16730            28        29        14
        21        14       280 -3.000000      46.76537            30        31        15
        21        15       280 -1.500000      38.97115            32        33        16
        21        16       280  0.000000      41.56922            34        35        17
        21        17       280 -1.500000      44.16730            36        37        18
        21        18       280  0.000000      46.76537            38        39        19
        21        19       280  1.500000      38.97115            40        41        20
        21        20       280  3.000000      41.56922            42        43        21
        21        21       280  1.500000      44.16730            44        45        22
        21        22       280  3.000000      46.76537            46        47        23
        21        23       280  4.500000      38.97115            48        49        24
        21        24       280  6.000000      41.56922            50        51        25
        21        25       280  4.500000      44.16730            52        53        26
        21        26       280  6.000000      46.76537            54        55        27
        21        27       280  7.500000      44.16730            56        57        28
        21        28       280  9.000000      46.76537            58        59        29
        22         1       280 -7.500000      49.36345             4         5         2
        22         2       280 -6.000000      51.96152             6         7         3
        22         3       280 -4.500000      49.36345             8         9         4
        22         4       280 -3.000000      51.96152            10        11         5
        22         5       280 -4.500000      54.55960            12        13         6
        22         6       280 -3.000000      57.15768            14        15         7
        22         7       280 -1.500000      49.36345            16        17         8
        22         8       280  0.000000      51.96152            18        19         9
        22         9       280 -1.500000      54.55960            20        21        10
        22        10       280  0.000000      57.15768            22        23        11
        22        11       280  1.500000      49.36345            24        25        12
        22        12       280  3.000000      51.96152            26        27        13
        22        13       280  1.500000      54.55960            28        29        14
        22        14       280  3.000000      57.15768            30        31        15
        22        15       280  4.500000      49.36345            32        33        16
        22        16       280  6.000000      51.96152            34        35        17
        22        17       280  4.500000      54.55960            36        37        18
        22        18       280  6.000000      57.15768            38        39        19
        22        19       280  7.500000      49.36345            40        41        20
        22        20       280  9.000000      51.96152            42        43        21
        22        21       280  7.500000      54.55960            44        45        22
        22        22       280  9.000000      57.15768            46        47        23
        22        23       280  10.50000      49.36345            48        49        24
        22        24       280  12.00000      51.96152            50        51        25
        22        25       280  10.50000      54.55960            52        53        26
        22        26       280  12.00000      57.15768            54        55        27
        22        27       280  13.50000      54.55960            56        57        28
        22        28       280  15.00000      57.15768            58        59        29
        23         1       280 -39.00000     -46.76537             4         5         2
        23         2       280 -37.50000     -49.36345             6         7         3
        23         3       280 -36.00000     -46.76537             8         9         4
        23         4       280 -33.00000     -51.96152            10        11         5
        23         5       280 -34.50000     -49.36345            12        13         6
        23         6       280 -33.00000     -46.76537            14        15         7
        23         7       280 -30.00000     -51.96152            16        17         8
        23         8       280 -31.50000     -49.36345            18        19         9
        23         9       280 -30.00000     -46.76537            20        21        10
        23        10       280 -28.50000     -54.55960            22        23        11
        23        11       280 -27.00000     -51.96152            24        25        12
        23        12       280 -28.50000     -49.36345            26        27        13
        23        13       280 -27.00000     -46.76537            28        29        14
        23        14       280 -25.50000     -49.36345            30        31        15
        23        15       280 -24.00000     -46.76537            32        33        16
        24         1       280 -40.50000     -44.16730             4         5         2
        24         2       280 -39.00000     -41.56922             6         7         3
        24         3       280 -37.50000     -44.16730             8         9         4
        24         4       280 -36.00000     -41.56922            10        11         5
        24         5       280 -37.50000     -38.97115            12        13         6
        24         6       280 -36.00000     -36.37307            14        15         7
        24         7       280 -34.50000     -44.16730            16        17         8
        24         8       280 -33.00000     -41.56922            18        19         9
        24         9       280 -34.50000     -38.97115            20        21        10
        24        10       280 -33.00000     -36.37307            22        23        11
        24        11       280 -31.50000     -44.16730            24        25        12
        24        12       280 -30.00000     -41.56922            26        27        13
        24        13       280 -31.50000     -38.97115            28        29        14
        24        14       280 -30.00000     -36.37307            30        31        15
        24        15       280 -28.50000     -44.16730            32        33        16
        24        16       280 -27.00000     -41.56922            34        35        17
        24        17       280 -28.50000     -38.97115            36        37        18
        24        18       280 -27.00000     -36.37307            38        39        19
        24        19       280 -25.50000     -44.16730            40        41        20
        24        20       280 -24.00000     -41.56922            42        43        21
        24        21       280 -25.50000     -38.97115            44        45        22
        24        22       280 -24.00000     -36.37307            46        47        23
        24        23       280 -22.50000     -44.16730            48        49        24
        24        24       280 -21.00000     -41.56922            50        51        25
        24        25       280 -22.50000     -38.97115            52        53        26
        24        26       280 -21.00000     -36.37307            54        55        27
        24        27       280 -19.50000     -38.97115            56        57        28
        24        28       280 -18.00000     -36.37307            58        59        29
        25         1       280 -34.50000     -33.77499             4         5         2
        25         2       280 -33.00000     -31.17691             6         7         3
        25         3       280 -31.50000     -33.77499             8         9         4
        25         4       280 -30.00000     -31.17691            10        11         5
        25         5       280 -31.50000     -28.57884            12        13         6
        25         6       280 -30.00000     -25.98076            14        15         7
        25         7       280 -28.50000     -33.77499            16        17         8
        25         8       280 -27.00000     -31.17691            18        19         9
        25         9       280 -28.50000     -28.57884            20        21        10
        25        10       280 -27.00000     -25.98076            22        23        11
        25        11       280 -25.50000     -33.77499            24        25        12
        25        12       280 -24.00000     -31.17691            26        27        13
        25        13       280 -25.50000     -28.57884            28        29        14
        25        14       280 -24.00000     -25.98076            30        31        15
        25        15       280 -22.50000     -33.77499            32        33        16
        25        16       280 -21.00000     -31.17691            34        35        17
        25        17       280 -22.50000     -28.57884            36        37        18
        25        18       280 -21.00000     -25.98076            38        39        19
        25        19       280 -19.50000     -33.77499            40        41        20
        25        20       280 -18.00000     -31.17691            42        43        21
        25        21       280 -19.50000     -28.57884            44        45        22
        25        22       280 -18.00000     -25.98076            46        47        23
        25        23       280 -16.50000     -33.77499            48        49        24
        25        24       280 -15.00000     -31.17691            50        51        25
        25        25       280 -16.50000     -28.57884            52        53        26
        25        26       280 -15.00000     -25.98076            54        55        27
        25        27       280 -13.50000     -28.57884            56        57        28
        25        28       280 -12.00000     -25.98076            58        59        29
        26         1       280 -28.50000     -23.38269             4         5         2
        26         2       280 -27.00000     -20.78461             6         7         3
        26         3       280 -25.50000     -23.38269             8         9         4
        26         4       280 -24.00000     -20.78461            10        11         5
        26         5       280 -25.50000     -18.18653            12        13         6
        26         6       280 -24.00000     -15.58846            14        15         7
        26         7       280 -22.50000     -23.38269            16        17         8
        26         8       280 -21.00000     -20.78461            18        19         9
        26         9       280 -22.50000     -18.18653            20        21        10
        26        10       280 -21.00000     -15.58846            22        23        11
        26        11       280 -19.50000     -23.38269            24        25        12
        26        12       280 -18.00000     -20.78461            26        27        13
        26        13       280 -19.50000     -18.18653            28        29        14
        26        14       280 -18.00000     -15.58846            30        31        15
        26        15       280 -16.50000     -23.38269            32        33        16
        26        16       280 -15.00000     -20.78461            34        35        17
        26        17       280 -16.50000     -18.18653            36        37        18
        26        18       280 -15.00000     -15.58846            38        39        19
        26        19       280 -13.50000     -23.38269            40        41        20
        26        20       280 -12.00000     -20.78461            42        43        21
        26        21       280 -13.50000     -18.18653            44        45        22
        26        22       280 -12.00000     -15.58846            46        47        23
        26        23       280 -10.50000     -23.38269            48        49        24
        26        24       280 -9.000000     -20.78461            50        51        25
        26        25       280 -10.50000     -18.18653            52        53        26
        26        26       280 -9.000000     -15.58846            54        55        27
        26        27       280 -7.500000     -18.18653            56        57        28
        26        28       280 -6.000000     -15.58846            58        59        29
        27         1       280 -22.50000     -12.99038             4         5         2
        27         2       280 -21.00000     -10.39230             6         7         3
        27         3       280 -19.50000     -12.99038             8         9         4
        27         4       280 -18.00000     -10.39230            10        11         5
        27         5       280 -19.50000     -7.794229            12        13         6
        27         6       280 -18.00000     -5.196152            14        15         7
        27         7       280 -16.50000     -12.99038            16        17         8
        27         8       280 -15.00000     -10.39230            18        19         9
        27         9       280 -16.50000     -7.794229            20        21        10
        27        10       280 -15.00000     -5.196152            22        23        11
        27        11       280 -13.50000     -12.99038            24        25        12
        27        12       280 -12.00000     -10.39230            26        27        13
        27        13       280 -13.50000     -7.794229            28        29        14
        27        14       280 -12.00000     -5.196152            30        31        15
        27        15       280 -10.50000     -12.99038            32        33        16
        27        16       280 -9.000000     -10.39230            34        35        17
        27        17       280 -10.50000     -7.794229            36        37        18
        27        18       280 -9.000000     -5.196152            38        39        19
        27        19       280 -7.500000     -12.99038            40        41        20
        27        20       280 -6.000000     -10.39230            42        43        21
        27        21       280 -7.500000     -7.794229            44        45        22
        27        22       280 -6.000000     -5.196152            46        47        23
        27        23       280 -4.500000     -12.99038            48        49        24
        27        24       280 -3.000000     -10.39230            50        51        25
        27        25       280 -4.500000     -7.794229            52        53        26
        27        26       280 -3.000000     -5.196152            54        55        27
        27        27       280 -1.500000     -7.794229            56        57        28
        27        28       280  0.000000     -5.196152            58        59        29
        28         1       280 -61.50000      7.794229             4         5         2
        28         2       280 -60.00000      10.39230             6         7         3
        28         3       280 -60.00000      15.58846             8         9         4
        28         4       280 -58.50000      7.794229            10        11         5
        28         5       280 -57.00000      10.39230            12        13         6
        28         6       280 -58.50000      12.99038            14        15         7
        28         7       280 -57.00000      15.58846            16        17         8
        28         8       280 -55.50000      7.794229            18        19         9
        28         9       280 -54.00000      10.39230            20        21        10
        28        10       280 -55.50000      12.99038            22        23        11
        28        11       280 -54.00000      15.58846            24        25        12
        28        12       280 -52.50000      12.99038            26        27        13
        28        13       280 -51.00000      15.58846            28        29        14
        29         1       280 -10.50000      7.794229             4         5         2
        29         2       280 -9.000000      10.39230             6         7         3
        29         3       280 -7.500000      7.794229             8         9         4
        29         4       280 -6.000000      10.39230            10        11         5
        29         5       280 -7.500000      12.99038            12        13         6
        29         6       280 -6.000000      15.58846            14        15         7
        29         7       280 -4.500000      7.794229            16        17         8
        29         8       280 -3.000000      10.39230            18        19         9
        29         9       280 -4.500000      12.99038            20        21        10
        29        10       280 -3.000000      15.58846            22        23        11
        29        11       280 -1.500000      7.794229            24        25        12
        29        12       280  0.000000      10.39230            26        27        13
        29        13       280 -1.500000      12.99038            28        29        14
        29        14       280  0.000000      15.58846            30        31        15
        29        15       280  1.500000      7.794229            32        33        16
        29        16       280  3.000000      10.39230            34        35        17
        29        17       280  1.500000      12.99038            36        37        18
        29        18       280  3.000000      15.58846            38        39        19
        29        19       280  4.500000      7.794229            40        41        20
        29        20       280  6.000000      10.39230            42        43        21
        29        21       280  4.500000      12.99038            44        45        22
        29        22       280  6.000000      15.58846            46        47        23
        29        23       280  7.500000      7.794229            48        49        24
        29        24       280  9.000000      10.39230            50        51        25
        29        25       280  7.500000      12.99038            52        53        26
        29        26       280  9.000000      15.58846            54        55        27
        29        27       280  10.50000      12.99038            56        57        28
        29        28       280  12.00000      15.58846            58        59        29
        30         1       280 -4.500000      18.18653             4         5         2
        30         2       280 -3.000000      20.78461             6         7         3
        30         3       280 -1.500000      18.18653             8         9         4
        30         4       280  0.000000      20.78461            10        11         5
        30         5       280 -1.500000      23.38269            12        13         6
        30         6       280  0.000000      25.98076            14        15         7
        30         7       280  1.500000      18.18653            16        17         8
        30         8       280  3.000000      20.78461            18        19         9
        30         9       280  1.500000      23.38269            20        21        10
        30        10       280  3.000000      25.98076            22        23        11
        30        11       280  4.500000      18.18653            24        25        12
        30        12       280  6.000000      20.78461            26        27        13
        30        13       280  4.500000      23.38269            28        29        14
        30        14       280  6.000000      25.98076            30        31        15
        30        15       280  7.500000      18.18653            32        33        16
        30        16       280  9.000000      20.78461            34        35        17
        30        17       280  7.500000      23.38269            36        37        18
        30        18       280  9.000000      25.98076            38        39        19
        30        19       280  10.50000      18.18653            40        41        20
        30        20       280  12.00000      20.78461            42        43        21
        30        21       280  10.50000      23.38269            44        45        22
        30        22       280  12.00000      25.98076            46        47        23
        30        23       280  13.50000      18.18653            48        49        24
        30        24       280  15.00000      20.78461            50        51        25
        30        25       280  13.50000      23.38269            52        53        26
        30        26       280  15.00000      25.98076            54        55        27
        30        27       280  16.50000      23.38269            56        57        28
        30        28       280  18.00000      25.98076            58        59        29
        31         1       280  1.500000      28.57884             4         5         2
        31         2       280  3.000000      31.17691             6         7         3
        31         3       280  4.500000      28.57884             8         9         4
        31         4       280  6.000000      31.17691            10        11         5
        31         5       280  4.500000      33.77499            12        13         6
        31         6       280  6.000000      36.37307            14        15         7
        31         7       280  7.500000      28.57884            16        17         8
        31         8       280  9.000000      31.17691            18        19         9
        31         9       280  7.500000      33.77499            20        21        10
        31        10       280  9.000000      36.37307            22        23        11
        31        11       280  10.50000      28.57884            24        25        12
        31        12       280  12.00000      31.17691            26        27        13
        31        13       280  10.50000      33.77499            28        29        14
        31        14       280  12.00000      36.37307            30        31        15
        31        15       280  13.50000      28.57884            32        33        16
        31        16       280  15.00000      31.17691            34        35        17
        31        17       280  13.50000      33.77499            36        37        18
        31        18       280  15.00000      36.37307            38        39        19
        31        19       280  16.50000      28.57884            40        41        20
        31        20       280  18.00000      31.17691            42        43        21
        31        21       280  16.50000      33.77499            44        45        22
        31        22       280  18.00000      36.37307            46        47        23
        31        23       280  19.50000      28.57884            48        49        24
        31        24       280  21.00000      31.17691            50        51        25
        31        25       280  19.50000      33.77499            52        53        26
        31        26       280  21.00000      36.37307            54        55        27
        31        27       280  22.50000      33.77499            56        57        28
        31        28       280  24.00000      36.37307            58        59        29
        32         1       280  7.500000      38.97115             4         5         2
        32         2       280  9.000000      41.56922             6         7         3
        32         3       280  10.50000      38.97115             8         9         4
        32         4       280  12.00000      41.56922            10        11         5
        32         5       280  10.50000      44.16730            12        13         6
        32         6       280  12.00000      46.76537            14        15         7
        32         7       280  13.50000      38.97115            16        17         8
        32         8       280  15.00000      41.56922            18        19         9
        32         9       280  13.50000      44.16730            20        21        10
        32        10       280  15.00000      46.76537            22        23        11
        32        11       280  16.50000      38.97115            24        25        12
        32        12       280  18.00000      41.56922            26        27        13
        32        13       280  16.50000      44.16730            28        29        14
        32        14       280  18.00000      46.76537            30        31        15
        32        15       280  19.50000      38.97115            32        33        16
        32        16       280  21.00000      41.56922            34        35        17
        32        17       280  19.50000      44.16730            36        37        18
        32        18       280  21.00000      46.76537            38        39        19
        32        19       280  22.50000      38.97115            40        41        20
        32        20       280  24.00000      41.56922            42        43        21
        32        21       280  22.50000      44.16730            44        45        22
        32        22       280  24.00000      46.76537            46        47        23
        32        23       280  25.50000      38.97115            48        49        24
        32        24       280  27.00000      41.56922            50        51        25
        32        25       280  25.50000      44.16730            52        53        26
        32        26       280  27.00000      46.76537            54        55        27
        32        27       280  28.50000      44.16730            56        57        28
        32        28       280  30.00000      46.76537            58        59        29
        33         1       280  13.50000      49.36345             4         5         2
        33         2       280  15.00000      51.96152             6         7         3
        33         3       280  16.50000      49.36345             8         9         4
        33         4       280  18.00000      51.96152            10        11         5
        33         5       280  16.50000      54.55960            12        13         6
        33         6       280  18.00000      57.15768            14        15         7
        33         7       280  19.50000      49.36345            16        17         8
        33         8       280  21.00000      51.96152            18        19         9
        33         9       280  19.50000      54.55960            20        21        10
        33        10       280  21.00000      57.15768            22        23        11
        33        11       280  22.50000      49.36345            24        25        12
        33        12       280  24.00000      51.96152            26        27        13
        33        13       280  22.50000      54.55960            28        29        14
        33        14       280  24.00000      57.15768            30        31        15
        33        15       280  25.50000      49.36345            32        33        16
        33        16       280  27.00000      51.96152            34        35        17
        33        17       280  25.50000      54.55960            36        37        18
        33        18       280  28.50000      49.36345            38        39        19
        33        19       280  30.00000      51.96152            40        41        20
        33        20       280  28.50000      54.55960            42        43        21
        33        21       280  31.50000      49.36345            44        45        22
        33        22       280  33.00000      51.96152            46        47        23
        34         1       280 -25.50000     -54.55960             4         5         2
        34         2       280 -24.00000     -51.96152             6         7         3
        34         3       280 -22.50000     -54.55960             8         9         4
        34         4       280 -21.00000     -51.96152            10        11         5
        34         5       280 -22.50000     -49.36345            12        13         6
        34         6       280 -21.00000     -46.76537            14        15         7
        34         7       280 -19.50000     -54.55960            16        17         8
        34         8       280 -18.00000     -51.96152            18        19         9
        34         9       280 -19.50000     -49.36345            20        21        10
        34        10       280 -18.00000     -46.76537            22        23        11
        34        11       280 -16.50000     -54.55960            24        25        12
        34        12       280 -15.00000     -51.96152            26        27        13
        34        13       280 -16.50000     -49.36345            28        29        14
        34        14       280 -15.00000     -46.76537            30        31        15
        34        15       280 -13.50000     -54.55960            32        33        16
        34        16       280 -12.00000     -51.96152            34        35        17
        34        17       280 -13.50000     -49.36345            36        37        18
        34        18       280 -12.00000     -46.76537            38        39        19
        34        19       280 -10.50000     -54.55960            40        41        20
        34        20       280 -9.000000     -51.96152            42        43        21
        34        21       280 -10.50000     -49.36345            44        45        22
        34        22       280 -9.000000     -46.76537            46        47        23
        34        23       280 -7.500000     -54.55960            48        49        24
        34        24       280 -6.000000     -51.96152            50        51        25
        34        25       280 -7.500000     -49.36345            52        53        26
        34        26       280 -6.000000     -46.76537            54        55        27
        34        27       280 -4.500000     -49.36345            56        57        28
        34        28       280 -3.000000     -46.76537            58        59        29
        35         1       280 -19.50000     -44.16730             4         5         2
        35         2       280 -18.00000     -41.56922             6         7         3
        35         3       280 -16.50000     -44.16730             8         9         4
        35         4       280 -15.00000     -41.56922            10        11         5
        35         5       280 -16.50000     -38.97115            12        13         6
        35         6       280 -15.00000     -36.37307            14        15         7
        35         7       280 -13.50000     -44.16730            16        17         8
        35         8       280 -12.00000     -41.56922            18        19         9
        35         9       280 -13.50000     -38.97115            20        21        10
        35        10       280 -12.00000     -36.37307            22        23        11
        35        11       280 -10.50000     -44.16730            24        25        12
        35        12       280 -9.000000     -41.56922            26        27        13
        35        13       280 -10.50000     -38.97115            28        29        14
        35        14       280 -9.000000     -36.37307            30        31        15
        35        15       280 -7.500000     -44.16730            32        33        16
        35        16       280 -6.000000     -41.56922            34        35        17
        35        17       280 -7.500000     -38.97115            36        37        18
        35        18       280 -6.000000     -36.37307            38        39        19
        35        19       280 -4.500000     -44.16730            40        41        20
        35        20       280 -3.000000     -41.56922            42        43        21
        35        21       280 -4.500000     -38.97115            44        45        22
        35        22       280 -3.000000     -36.37307            46        47        23
        35        23       280 -1.500000     -44.16730            48        49        24
        35        24       280  0.000000     -41.56922            50        51        25
        35        25       280 -1.500000     -38.97115            52        53        26
        35        26       280  0.000000     -36.37307            54        55        27
        35        27       280  1.500000     -38.97115            56        57        28
        35        28       280  3.000000     -36.37307            58        59        29
        36         1       280 -13.50000     -33.77499             4         5         2
        36         2       280 -12.00000     -31.17691             6         7         3
        36         3       280 -10.50000     -33.77499             8         9         4
        36         4       280 -9.000000     -31.17691            10        11         5
        36         5       280 -10.50000     -28.57884            12        13         6
        36         6       280 -9.000000     -25.98076            14        15         7
        36         7       280 -7.500000     -33.77499            16        17         8
        36         8       280 -6.000000     -31.17691            18        19         9
        36         9       280 -7.500000     -28.57884            20        21        10
        36        10       280 -6.000000     -25.98076            22        23        11
        36        11       280 -4.500000     -33.77499            24        25        12
        36        12       280 -3.000000     -31.17691            26        27        13
        36        13       280 -4.500000     -28.57884            28        29        14
        36        14       280 -3.000000     -25.98076            30        31        15
        36        15       280 -1.500000     -33.77499            32        33        16
        36        16       280  0.000000     -31.17691            34        35        17
        36        17       280 -1.500000     -28.57884            36        37        18
        36        18       280  0.000000     -25.98076            38        39        19
        36        19       280  1.500000     -33.77499            40        41        20
        36        20       280  3.000000     -31.17691            42        43        21
        36        21       280  1.500000     -28.57884            44        45        22
        36        22       280  3.000000     -25.98076            46        47        23
        36        23       280  4.500000     -33.77499            48        49        24
        36        24       280  6.000000     -31.17691            50        51        25
        36        25       280  4.500000     -28.57884            52        53        26
        36        26       280  6.000000     -25.98076            54        55        27
        36        27       280  7.500000     -28.57884            56        57        28
        36        28       280  9.000000     -25.98076            58        59        29
        37         1       280 -7.500000     -23.38269             4         5         2
        37         2       280 -6.000000     -20.78461             6         7         3
        37         3       280 -4.500000     -23.38269             8         9         4
        37         4       280 -3.000000     -20.78461            10        11         5
        37         5       280 -4.500000     -18.18653            12        13         6
        37         6       280 -3.000000     -15.58846            14        15         7
        37         7       280 -1.500000     -23.38269            16        17         8
        37         8       280  0.000000     -20.78461            18        19         9
        37         9       280 -1.500000     -18.18653            20        21        10
        37        10       280  0.000000     -15.58846            22        23        11
        37        11       280  1.500000     -23.38269            24        25        12
        37        12       280  3.000000     -20.78461            26        27        13
        37        13       280  1.500000     -18.18653            28        29        14
        37        14       280  3.000000     -15.58846            30        31        15
        37        15       280  4.500000     -23.38269            32        33        16
        37        16       280  6.000000     -20.78461            34        35        17
        37        17       280  4.500000     -18.18653            36        37        18
        37        18       280  6.000000     -15.58846            38        39        19
        37        19       280  7.500000     -23.38269            40        41        20
        37        20       280  9.000000     -20.78461            42        43        21
        37        21       280  7.500000     -18.18653            44        45        22
        37        22       280  9.000000     -15.58846            46        47        23
        37        23       280  10.50000     -23.38269            48        49        24
        37        24       280  12.00000     -20.78461            50        51        25
        37        25       280  10.50000     -18.18653            52        53        26
        37        26       280  12.00000     -15.58846            54        55        27
        37        27       280  13.50000     -18.18653            56        57        28
        37        28       280  15.00000     -15.58846            58        59        29
        38         1       280 -1.500000     -12.99038             4         5         2
        38         2       280  0.000000     -10.39230             6         7         3
        38         3       280  1.500000     -12.99038             8         9         4
        38         4       280  3.000000     -10.39230            10        11         5
        38         5       280  1.500000     -7.794229            12        13         6
        38         6       280  3.000000     -5.196152            14        15         7
        38         7       280  4.500000     -12.99038            16        17         8
        38         8       280  6.000000     -10.39230            18        19         9
        38         9       280  4.500000     -7.794229            20        21        10
        38        10       280  6.000000     -5.196152            22        23        11
        38        11       280  7.500000     -12.99038            24        25        12
        38        12       280  9.000000     -10.39230            26        27        13
        38        13       280  7.500000     -7.794229            28        29        14
        38        14       280  9.000000     -5.196152            30        31        15
        38        15       280  10.50000     -12.99038            32        33        16
        38        16       280  12.00000     -10.39230            34        35        17
        38        17       280  10.50000     -7.794229            36        37        18
        38        18       280  12.00000     -5.196152            38        39        19
        38        19       280  13.50000     -12.99038            40        41        20
        38        20       280  15.00000     -10.39230            42        43        21
        38        21       280  13.50000     -7.794229            44        45        22
        38        22       280  15.00000     -5.196152            46        47        23
        38        23       280  16.50000     -12.99038            48        49        24
        38        24       280  18.00000     -10.39230            50        51        25
        38        25       280  16.50000     -7.794229            52        53        26
        38        26       280  18.00000     -5.196152            54        55        27
        38        27       280  19.50000     -7.794229            56        57        28
        38        28       280  21.00000     -5.196152            58        59        29
        39         1       280  4.500000     -2.598076             4         5         2
        39         2       280  6.000000      0.000000             6         7         3
        39         3       280  7.500000     -2.598076             8         9         4
        39         4       280  9.000000      0.000000            10        11         5
        39         5       280  7.500000      2.598076            12        13         6
        39         6       280  9.000000      5.196152            14        15         7
        39         7       280  10.50000     -2.598076            16        17         8
        39         8       280  12.00000      0.000000            18        19         9
        39         9       280  10.50000      2.598076            20        21        10
        39        10       280  12.00000      5.196152            22        23        11
        39        11       280  13.50000     -2.598076            24        25        12
        39        12       280  15.00000      0.000000            26        27        13
        39        13       280  13.50000      2.598076            28        29        14
        39        14       280  15.00000      5.196152            30        31        15
        39        15       280  16.50000     -2.598076            32        33        16
        39        16       280  18.00000      0.000000            34        35        17
        39        17       280  16.50000      2.598076            36        37        18
        39        18       280  18.00000      5.196152            38        39        19
        39        19       280  19.50000     -2.598076            40        41        20
        39        20       280  21.00000      0.000000            42        43        21
        39        21       280  19.50000      2.598076            44        45        22
        39        22       280  21.00000      5.196152            46        47        23
        39        23       280  22.50000     -2.598076            48        49        24
        39        24       280  24.00000      0.000000            50        51        25
        39        25       280  22.50000      2.598076            52        53        26
        39        26       280  24.00000      5.196152            54        55        27
        39        27       280  25.50000      2.598076            56        57        28
        39        28       280  27.00000      5.196152            58        59        29
        40         1       280  10.50000      7.794229             4         5         2
        40         2       280  12.00000      10.39230             6         7         3
        40         3       280  13.50000      7.794229             8         9         4
        40         4       280  15.00000      10.39230            10        11         5
        40         5       280  13.50000      12.99038            12        13         6
        40         6       280  15.00000      15.58846            14        15         7
        40         7       280  16.50000      7.794229            16        17         8
        40         8       280  18.00000      10.39230            18        19         9
        40         9       280  16.50000      12.99038            20        21        10
        40        10       280  18.00000      15.58846            22        23        11
        40        11       280  19.50000      7.794229            24        25        12
        40        12       280  21.00000      10.39230            26        27        13
        40        13       280  19.50000      12.99038            28        29        14
        40        14       280  21.00000      15.58846            30        31        15
        40        15       280  22.50000      7.794229            32        33        16
        40        16       280  24.00000      10.39230            34        35        17
        40        17       280  22.50000      12.99038            36        37        18
        40        18       280  24.00000      15.58846            38        39        19
        40        19       280  25.50000      7.794229            40        41        20
        40        20       280  27.00000      10.39230            42        43        21
        40        21       280  25.50000      12.99038            44        45        22
        40        22       280  27.00000      15.58846            46        47        23
        40        23       280  28.50000      7.794229            48        49        24
        40        24       280  30.00000      10.39230            50        51        25
        40        25       280  28.50000      12.99038            52        53        26
        40        26       280  30.00000      15.58846            54        55        27
        40        27       280  31.50000      12.99038            56        57        28
        40        28       280  33.00000      15.58846            58        59        29
        41         1       280  16.50000      18.18653             4         5         2
        41         2       280  18.00000      20.78461             6         7         3
        41         3       280  19.50000      18.18653             8         9         4
        41         4       280  21.00000      20.78461            10        11         5
        41         5       280  19.50000      23.38269            12        13         6
        41         6       280  21.00000      25.98076            14        15         7
        41         7       280  22.50000      18.18653            16        17         8
        41         8       280  24.00000      20.78461            18        19         9
        41         9       280  22.50000      23.38269            20        21        10
        41        10       280  24.00000      25.98076            22        23        11
        41        11       280  25.50000      18.18653            24        25        12
        41        12       280  27.00000      20.78461            26        27        13
        41        13       280  25.50000      23.38269            28        29        14
        41        14       280  27.00000      25.98076            30        31        15
        41        15       280  28.50000      18.18653            32        33        16
        41        16       280  30.00000      20.78461            34        35        17
        41        17       280  28.50000      23.38269            36        37        18
        41        18       280  30.00000      25.98076            38        39        19
        41        19       280  31.50000      18.18653            40        41        20
        41        20       280  33.00000      20.78461            42        43        21
        41        21       280  31.50000      23.38269            44        45        22
        41        22       280  33.00000      25.98076            46        47        23
        41        23       280  34.50000      18.18653            48        49        24
        41        24       280  36.00000      20.78461            50        51        25
        41        25       280  34.50000      23.38269            52        53        26
        41        26       280  36.00000      25.98076            54        55        27
        41        27       280  37.50000      23.38269            56        57        28
        41        28       280  39.00000      25.98076            58        59        29
        42         1       280  22.50000      28.57884             4         5         2
        42         2       280  24.00000      31.17691             6         7         3
        42         3       280  25.50000      28.57884             8         9         4
        42         4       280  27.00000      31.17691            10        11         5
        42         5       280  25.50000      33.77499            12        13         6
        42         6       280  27.00000      36.37307            14        15         7
        42         7       280  28.50000      28.57884            16        17         8
        42         8       280  30.00000      31.17691            18        19         9
        42         9       280  28.50000      33.77499            20        21        10
        42        10       280  30.00000      36.37307            22        23        11
        42        11       280  31.50000      28.57884            24        25        12
        42        12       280  33.00000      31.17691            26        27        13
        42        13       280  31.50000      33.77499            28        29        14
        42        14       280  33.00000      36.37307            30        31        15
        42        15       280  34.50000      28.57884            32        33        16
        42        16       280  36.00000      31.17691            34        35        17
        42        17       280  34.50000      33.77499            36        37        18
        42        18       280  36.00000      36.37307            38        39        19
        42        19       280  37.50000      28.57884            40        41        20
        42        20       280  39.00000      31.17691            42        43        21
        42        21       280  37.50000      33.77499            44        45        22
        42        22       280  39.00000      36.37307            46        47        23
        42        23       280  40.50000      28.57884            48        49        24
        42        24       280  42.00000      31.17691            50        51        25
        42        25       280  40.50000      33.77499            52        53        26
        42        26       280  42.00000      36.37307            54        55        27
        42        27       280  43.50000      33.77499            56        57        28
        42        28       280  45.00000      36.37307            58        59        29
        43         1       280  28.50000      38.97115             4         5         2
        43         2       280  30.00000      41.56922             6         7         3
        43         3       280  31.50000      38.97115             8         9         4
        43         4       280  33.00000      41.56922            10        11         5
        43         5       280  31.50000      44.16730            12        13         6
        43         6       280  33.00000      46.76537            14        15         7
        43         7       280  34.50000      38.97115            16        17         8
        43         8       280  36.00000      41.56922            18        19         9
        43         9       280  34.50000      44.16730            20        21        10
        43        10       280  36.00000      46.76537            22        23        11
        43        11       280  37.50000      38.97115            24        25        12
        43        12       280  39.00000      41.56922            26        27        13
        43        13       280  37.50000      44.16730            28        29        14
        43        14       280  39.00000      46.76537            30        31        15
        43        15       280  40.50000      38.97115            32        33        16
        43        16       280  42.00000      41.56922            34        35        17
        43        17       280  40.50000      44.16730            36        37        18
        43        18       280  43.50000      38.97115            38        39        19
        43        19       280  45.00000      41.56922            40        41        20
        43        20       280  43.50000      44.16730            42        43        21
        43        21       280  46.50000      38.97115            44        45        22
        44         1       280 -7.500000     -59.75575             4         5         2
        44         2       280 -6.000000     -57.15768             6         7         3
        44         3       280 -4.500000     -59.75575             8         9         4
        44         4       280 -3.000000     -57.15768            10        11         5
        44         5       280 -1.500000     -59.75575            12        13         6
        44         6       280  0.000000     -57.15768            14        15         7
        44         7       280  1.500000     -59.75575            16        17         8
        44         8       280  3.000000     -57.15768            18        19         9
        44         9       280  4.500000     -59.75575            20        21        10
        44        10       280  6.000000     -57.15768            22        23        11
        44        11       280  7.500000     -59.75575            24        25        12
        44        12       280  9.000000     -57.15768            26        27        13
        44        13       280  10.50000     -59.75575            28        29        14
        44        14       280  12.00000     -57.15768            30        31        15
        45         1       280 -4.500000     -54.55960             4         5         2
        45         2       280 -3.000000     -51.96152             6         7         3
        45         3       280 -1.500000     -54.55960             8         9         4
        45         4       280  0.000000     -51.96152            10        11         5
        45         5       280 -1.500000     -49.36345            12        13         6
        45         6       280  0.000000     -46.76537            14        15         7
        45         7       280  1.500000     -54.55960            16        17         8
        45         8       280  3.000000     -51.96152            18        19         9
        45         9       280  1.500000     -49.36345            20        21        10
        45        10       280  3.000000     -46.76537            22        23        11
        45        11       280  4.500000     -54.55960            24        25        12
        45        12       280  6.000000     -51.96152            26        27        13
        45        13       280  4.500000     -49.36345            28        29        14
        45        14       280  6.000000     -46.76537            30        31        15
        45        15       280  7.500000     -54.55960            32        33        16
        45        16       280  9.000000     -51.96152            34        35        17
        45        17       280  7.500000     -49.36345            36        37        18
        45        18       280  9.000000     -46.76537            38        39        19
        45        19       280  10.50000     -54.55960            40        41        20
        45        20       280  12.00000     -51.96152            42        43        21
        45        21       280  10.50000     -49.36345            44        45        22
        45        22       280  12.00000     -46.76537            46        47        23
        45        23       280  13.50000     -54.55960            48        49        24
        45        24       280  15.00000     -51.96152            50        51        25
        45        25       280  13.50000     -49.36345            52        53        26
        45        26       280  15.00000     -46.76537            54        55        27
        45        27       280  16.50000     -49.36345            56        57        28
        45        28       280  18.00000     -46.76537            58        59        29
        46         1       280  1.500000     -44.16730             4         5         2
        46         2       280  3.000000     -41.56922             6         7         3
        46         3       280  4.500000     -44.16730             8         9         4
        46         4       280  6.000000     -41.56922            10        11         5
        46         5       280  4.500000     -38.97115            12        13         6
        46         6       280  6.000000     -36.37307            14        15         7
        46         7       280  7.500000     -44.16730            16        17         8
        46         8       280  9.000000     -41.56922            18        19         9
        46         9       280  7.500000     -38.97115            20        21        10
        46        10       280  9.000000     -36.37307            22        23        11
        46        11       280  10.50000     -44.16730            24        25        12
        46        12       280  12.00000     -41.56922            26        27        13
        46        13       280  10.50000     -38.97115            28        29        14
        46        14       280  12.00000     -36.37307            30        31        15
        46        15       280  13.50000     -44.16730            32        33        16
        46        16       280  15.00000     -41.56922            34        35        17
        46        17       280  13.50000     -38.97115            36        37        18
        46        18       280  15.00000     -36.37307            38        39        19
        46        19       280  16.50000     -44.16730            40        41        20
        46        20       280  18.00000     -41.56922            42        43        21
        46        21       280  16.50000     -38.97115            44        45        22
        46        22       280  18.00000     -36.37307            46        47        23
        46        23       280  19.50000     -44.16730            48        49        24
        46        24       280  21.00000     -41.56922            50        51        25
        46        25       280  19.50000     -38.97115            52        53        26
        46        26       280  21.00000     -36.37307            54        55        27
        46        27       280  22.50000     -38.97115            56        57        28
        46        28       280  24.00000     -36.37307            58        59        29
        47         1       280  7.500000     -33.77499             4         5         2
        47         2       280  9.000000     -31.17691             6         7         3
        47         3       280  10.50000     -33.77499             8         9         4
        47         4       280  12.00000     -31.17691            10        11         5
        47         5       280  10.50000     -28.57884            12        13         6
        47         6       280  12.00000     -25.98076            14        15         7
        47         7       280  13.50000     -33.77499            16        17         8
        47         8       280  15.00000     -31.17691            18        19         9
        47         9       280  13.50000     -28.57884            20        21        10
        47        10       280  15.00000     -25.98076            22        23        11
        47        11       280  16.50000     -33.77499            24        25        12
        47        12       280  18.00000     -31.17691            26        27        13
        47        13       280  16.50000     -28.57884            28        29        14
        47        14       280  18.00000     -25.98076            30        31        15
        47        15       280  19.50000     -33.77499            32        33        16
        47        16       280  21.00000     -31.17691            34        35        17
        47        17       280  19.50000     -28.57884            36        37        18
        47        18       280  21.00000     -25.98076            38        39        19
        47        19       280  22.50000     -33.77499            40        41        20
        47        20       280  24.00000     -31.17691            42        43        21
        47        21       280  22.50000     -28.57884            44        45        22
        47        22       280  24.00000     -25.98076            46        47        23
        47        23       280  25.50000     -33.77499            48        49        24
        47        24       280  27.00000     -31.17691            50        51        25
        47        25       280  25.50000     -28.57884            52        53        26
        47        26       280  27.00000     -25.98076            54        55        27
        47        27       280  28.50000     -28.57884            56        57        28
        47        28       280  30.00000     -25.98076            58        59        29
        48         1       280  13.50000     -23.38269             4         5         2
        48         2       280  15.00000     -20.78461             6         7         3
        48         3       280  16.50000     -23.38269             8         9         4
        48         4       280  18.00000     -20.78461            10        11         5
        48         5       280  16.50000     -18.18653            12        13         6
        48         6       280  18.00000     -15.58846            14        15         7
        48         7       280  19.50000     -23.38269            16        17         8
        48         8       280  21.00000     -20.78461            18        19         9
        48         9       280  19.50000     -18.18653            20        21        10
        48        10       280  21.00000     -15.58846            22        23        11
        48        11       280  22.50000     -23.38269            24        25        12
        48        12       280  24.00000     -20.78461            26        27        13
        48        13       280  22.50000     -18.18653            28        29        14
        48        14       280  24.00000     -15.58846            30        31        15
        48        15       280  25.50000     -23.38269            32        33        16
        48        16       280  27.00000     -20.78461            34        35        17
        48        17       280  25.50000     -18.18653            36        37        18
        48        18       280  27.00000     -15.58846            38        39        19
        48        19       280  28.50000     -23.38269            40        41        20
        48        20       280  30.00000     -20.78461            42        43        21
        48        21       280  28.50000     -18.18653            44        45        22
        48        22       280  30.00000     -15.58846            46        47        23
        48        23       280  31.50000     -23.38269            48        49        24
        48        24       280  33.00000     -20.78461            50        51        25
        48        25       280  31.50000     -18.18653            52        53        26
        48        26       280  33.00000     -15.58846            54        55        27
        48        27       280  34.50000     -18.18653            56        57        28
        48        28       280  36.00000     -15.58846            58        59        29
        49         1       280  19.50000     -12.99038             4         5         2
        49         2       280  21.00000     -10.39230             6         7         3
        49         3       280  22.50000     -12.99038             8         9         4
        49         4       280  24.00000     -10.39230            10        11         5
        49         5       280  22.50000     -7.794229            12        13         6
        49         6       280  24.00000     -5.196152            14        15         7
        49         7       280  25.50000     -12.99038            16        17         8
        49         8       280  27.00000     -10.39230            18        19         9
        49         9       280  25.50000     -7.794229            20        21        10
        49        10       280  27.00000     -5.196152            22        23        11
        49        11       280  28.50000     -12.99038            24        25        12
        49        12       280  30.00000     -10.39230            26        27        13
        49        13       280  28.50000     -7.794229            28        29        14
        49        14       280  30.00000     -5.196152            30        31        15
        49        15       280  31.50000     -12.99038            32        33        16
        49        16       280  33.00000     -10.39230            34        35        17
        49        17       280  31.50000     -7.794229            36        37        18
        49        18       280  33.00000     -5.196152            38        39        19
        49        19       280  34.50000     -12.99038            40        41        20
        49        20       280  36.00000     -10.39230            42        43        21
        49        21       280  34.50000     -7.794229            44        45        22
        49        22       280  36.00000     -5.196152            46        47        23
        49        23       280  37.50000     -12.99038            48        49        24
        49        24       280  39.00000     -10.39230            50        51        25
        49        25       280  37.50000     -7.794229            52        53        26
        49        26       280  39.00000     -5.196152            54        55        27
        49        27       280  40.50000     -7.794229            56        57        28
        49        28       280  42.00000     -5.196152            58        59        29
        50         1       280  25.50000     -2.598076             4         5         2
        50         2       280  27.00000      0.000000             6         7         3
        50         3       280  28.50000     -2.598076             8         9         4
        50         4       280  30.00000      0.000000            10        11         5
        50         5       280  28.50000      2.598076            12        13         6
        50         6       280  30.00000      5.196152            14        15         7
        50         7       280  31.50000     -2.598076            16        17         8
        50         8       280  33.00000      0.000000            18        19         9
        50         9       280  31.50000      2.598076            20        21        10
        50        10       280  33.00000      5.196152            22        23        11
        50        11       280  34.50000     -2.598076            24        25        12
        50        12       280  36.00000      0.000000            26        27        13
        50        13       280  34.50000      2.598076            28        29        14
        50        14       280  36.00000      5.196152            30        31        15
        50        15       280  37.50000     -2.598076            32        33        16
        50        16       280  39.00000      0.000000            34        35        17
        50        17       280  37.50000      2.598076            36        37        18
        50        18       280  39.00000      5.196152            38        39        19
        50        19       280  40.50000     -2.598076            40        41        20
        50        20       280  42.00000      0.000000            42        43        21
        50        21       280  40.50000      2.598076            44        45        22
        50        22       280  42.00000      5.196152            46        47        23
        50        23       280  43.50000     -2.598076            48        49        24
        50        24       280  45.00000      0.000000            50        51        25
        50        25       280  43.50000      2.598076            52        53        26
        50        26       280  45.00000      5.196152            54        55        27
        50        27       280  46.50000      2.598076            56        57        28
        50        28       280  48.00000      5.196152            58        59        29
        51         1       280  31.50000      7.794229             4         5         2
        51         2       280  33.00000      10.39230             6         7         3
        51         3       280  34.50000      7.794229             8         9         4
        51         4       280  36.00000      10.39230            10        11         5
        51         5       280  34.50000      12.99038            12        13         6
        51         6       280  36.00000      15.58846            14        15         7
        51         7       280  37.50000      7.794229            16        17         8
        51         8       280  39.00000      10.39230            18        19         9
        51         9       280  37.50000      12.99038            20        21        10
        51        10       280  39.00000      15.58846            22        23        11
        51        11       280  40.50000      7.794229            24        25        12
        51        12       280  42.00000      10.39230            26        27        13
        51        13       280  40.50000      12.99038            28        29        14
        51        14       280  42.00000      15.58846            30        31        15
        51        15       280  43.50000      7.794229            32        33        16
        51        16       280  45.00000      10.39230            34        35        17
        51        17       280  43.50000      12.99038            36        37        18
        51        18       280  45.00000      15.58846            38        39        19
        51        19       280  46.50000      7.794229            40        41        20
        51        20       280  48.00000      10.39230            42        43        21
        51        21       280  46.50000      12.99038            44        45        22
        51        22       280  48.00000      15.58846            46        47        23
        51        23       280  49.50000      7.794229            48        49        24
        51        24       280  51.00000      10.39230            50        51        25
        51        25       280  49.50000      12.99038            52        53        26
        51        26       280  51.00000      15.58846            54        55        27
        51        27       280  52.50000      12.99038            56        57        28
        51        28       280  54.00000      15.58846            58        59        29
        52         1       280  37.50000      18.18653             4         5         2
        52         2       280  39.00000      20.78461             6         7         3
        52         3       280  40.50000      18.18653             8         9         4
        52         4       280  42.00000      20.78461            10        11         5
        52         5       280  40.50000      23.38269            12        13         6
        52         6       280  42.00000      25.98076            14        15         7
        52         7       280  43.50000      18.18653            16        17         8
        52         8       280  45.00000      20.78461            18        19         9
        52         9       280  43.50000      23.38269            20        21        10
        52        10       280  45.00000      25.98076            22        23        11
        52        11       280  46.50000      18.18653            24        25        12
        52        12       280  48.00000      20.78461            26        27        13
        52        13       280  46.50000      23.38269            28        29        14
        52        14       280  48.00000      25.98076            30        31        15
        52        15       280  49.50000      18.18653            32        33        16
        52        16       280  51.00000      20.78461            34        35        17
        52        17       280  49.50000      23.38269            36        37        18
        52        18       280  51.00000      25.98076            38        39        19
        52        19       280  52.50000      18.18653            40        41        20
        52        20       280  54.00000      20.78461            42        43        21
        52        21       280  52.50000      23.38269            44        45        22
        52        22       280  54.00000      25.98076            46        47        23
        52        23       280  55.50000      18.18653            48        49        24
        52        24       280  57.00000      20.78461            50        51        25
        52        25       280  55.50000      23.38269            52        53        26
        53         1       280  43.50000      28.57884             4         5         2
        53         2       280  45.00000      31.17691             6         7         3
        53         3       280  46.50000      28.57884             8         9         4
        53         4       280  48.00000      31.17691            10        11         5
        53         5       280  46.50000      33.77499            12        13         6
        53         6       280  48.00000      36.37307            14        15         7
        53         7       280  49.50000      28.57884            16        17         8
        53         8       280  51.00000      31.17691            18        19         9
        53         9       280  49.50000      33.77499            20        21        10
        53        10       280  52.50000      28.57884            22        23        11
        54         1       280  16.50000     -54.55960             4         5         2
        54         2       280  18.00000     -51.96152             6         7         3
        54         3       280  19.50000     -54.55960             8         9         4
        54         4       280  21.00000     -51.96152            10        11         5
        54         5       280  19.50000     -49.36345            12        13         6
        54         6       280  21.00000     -46.76537            14        15         7
        54         7       280  22.50000     -54.55960            16        17         8
        54         8       280  24.00000     -51.96152            18        19         9
        54         9       280  22.50000     -49.36345            20        21        10
        54        10       280  24.00000     -46.76537            22        23        11
        54        11       280  25.50000     -54.55960            24        25        12
        54        12       280  27.00000     -51.96152            26        27        13
        54        13       280  25.50000     -49.36345            28        29        14
        54        14       280  27.00000     -46.76537            30        31        15
        54        15       280  28.50000     -54.55960            32        33        16
        54        16       280  30.00000     -51.96152            34        35        17
        54        17       280  28.50000     -49.36345            36        37        18
        54        18       280  30.00000     -46.76537            38        39        19
        54        19       280  33.00000     -51.96152            40        41        20
        54        20       280  31.50000     -49.36345            42        43        21
        54        21       280  33.00000     -46.76537            44        45        22
        54        22       280  34.50000     -49.36345            46        47        23
        54        23       280  36.00000     -46.76537            48        49        24
        54        24       280  37.50000     -49.36345            50        51        25
        54        25       280  39.00000     -46.76537            52        53        26
        55         1       280  22.50000     -44.16730             4         5         2
        55         2       280  24.00000     -41.56922             6         7         3
        55         3       280  25.50000     -44.16730             8         9         4
        55         4       280  27.00000     -41.56922            10        11         5
        55         5       280  25.50000     -38.97115            12        13         6
        55         6       280  27.00000     -36.37307            14        15         7
        55         7       280  28.50000     -44.16730            16        17         8
        55         8       280  30.00000     -41.56922            18        19         9
        55         9       280  28.50000     -38.97115            20        21        10
        55        10       280  30.00000     -36.37307            22        23        11
        55        11       280  31.50000     -44.16730            24        25        12
        55        12       280  33.00000     -41.56922            26        27        13
        55        13       280  31.50000     -38.97115            28        29        14
        55        14       280  33.00000     -36.37307            30        31        15
        55        15       280  34.50000     -44.16730            32        33        16
        55        16       280  36.00000     -41.56922            34        35        17
        55        17       280  34.50000     -38.97115            36        37        18
        55        18       280  36.00000     -36.37307            38        39        19
        55        19       280  37.50000     -44.16730            40        41        20
        55        20       280  39.00000     -41.56922            42        43        21
        55        21       280  37.50000     -38.97115            44        45        22
        55        22       280  39.00000     -36.37307            46        47        23
        55        23       280  40.50000     -44.16730            48        49        24
        55        24       280  42.00000     -41.56922            50        51        25
        55        25       280  40.50000     -38.97115            52        53        26
        55        26       280  42.00000     -36.37307            54        55        27
        55        27       280  43.50000     -38.97115            56        57        28
        55        28       280  45.00000     -36.37307            58        59        29
        56         1       280  28.50000     -33.77499             4         5         2
        56         2       280  30.00000     -31.17691             6         7         3
        56         3       280  31.50000     -33.77499             8         9         4
        56         4       280  33.00000     -31.17691            10        11         5
        56         5       280  31.50000     -28.57884            12        13         6
        56         6       280  33.00000     -25.98076            14        15         7
        56         7       280  34.50000     -33.77499            16        17         8
        56         8       280  36.00000     -31.17691            18        19         9
        56         9       280  34.50000     -28.57884            20        21        10
        56        10       280  36.00000     -25.98076            22        23        11
        56        11       280  37.50000     -33.77499            24        25        12
        56        12       280  39.00000     -31.17691            26        27        13
        56        13       280  37.50000     -28.57884            28        29        14
        56        14       280  39.00000     -25.98076            30        31        15
        56        15       280  40.50000     -33.77499            32        33        16
        56        16       280  42.00000     -31.17691            34        35        17
        56        17       280  40.50000     -28.57884            36        37        18
        56        18       280  42.00000     -25.98076            38        39        19
        56        19       280  43.50000     -33.77499            40        41        20
        56        20       280  45.00000     -31.17691            42        43        21
        56        21       280  43.50000     -28.57884            44        45        22
        56        22       280  45.00000     -25.98076            46        47        23
        56        23       280  46.50000     -33.77499            48        49        24
        56        24       280  48.00000     -31.17691            50        51        25
        56        25       280  46.50000     -28.57884            52        53        26
        56        26       280  48.00000     -25.98076            54        55        27
        56        27       280  49.50000     -28.57884            56        57        28
        56        28       280  51.00000     -25.98076            58        59        29
        57         1       280  34.50000     -23.38269             4         5         2
        57         2       280  36.00000     -20.78461             6         7         3
        57         3       280  37.50000     -23.38269             8         9         4
        57         4       280  39.00000     -20.78461            10        11         5
        57         5       280  37.50000     -18.18653            12        13         6
        57         6       280  39.00000     -15.58846            14        15         7
        57         7       280  40.50000     -23.38269            16        17         8
        57         8       280  42.00000     -20.78461            18        19         9
        57         9       280  40.50000     -18.18653            20        21        10
        57        10       280  42.00000     -15.58846            22        23        11
        57        11       280  43.50000     -23.38269            24        25        12
        57        12       280  45.00000     -20.78461            26        27        13
        57        13       280  43.50000     -18.18653            28        29        14
        57        14       280  45.00000     -15.58846            30        31        15
        57        15       280  46.50000     -23.38269            32        33        16
        57        16       280  48.00000     -20.78461            34        35        17
        57        17       280  46.50000     -18.18653            36        37        18
        57        18       280  48.00000     -15.58846            38        39        19
        57        19       280  49.50000     -23.38269            40        41        20
        57        20       280  51.00000     -20.78461            42        43        21
        57        21       280  49.50000     -18.18653            44        45        22
        57        22       280  51.00000     -15.58846            46        47        23
        57        23       280  52.50000     -23.38269            48        49        24
        57        24       280  54.00000     -20.78461            50        51        25
        57        25       280  52.50000     -18.18653            52        53        26
        57        26       280  54.00000     -15.58846            54        55        27
        57        27       280  55.50000     -18.18653            56        57        28
        57        28       280  57.00000     -15.58846            58        59        29
        58         1       280  40.50000     -12.99038             4         5         2
        58         2       280  42.00000     -10.39230             6         7         3
        58         3       280  43.50000     -12.99038             8         9         4
        58         4       280  45.00000     -10.39230            10        11         5
        58         5       280  43.50000     -7.794229            12        13         6
        58         6       280  45.00000     -5.196152            14        15         7
        58         7       280  46.50000     -12.99038            16        17         8
        58         8       280  48.00000     -10.39230            18        19         9
        58         9       280  46.50000     -7.794229            20        21        10
        58        10       280  48.00000     -5.196152            22        23        11
        58        11       280  49.50000     -12.99038            24        25        12
        58        12       280  51.00000     -10.39230            26        27        13
        58        13       280  49.50000     -7.794229            28        29        14
        58        14       280  51.00000     -5.196152            30        31        15
        58        15       280  52.50000     -12.99038            32        33        16
        58        16       280  54.00000     -10.39230            34        35        17
        58        17       280  52.50000     -7.794229            36        37        18
        58        18       280  54.00000     -5.196152            38        39        19
        58        19       280  55.50000     -12.99038            40        41        20
        58        20       280  57.00000     -10.39230            42        43        21
        58        21       280  55.50000     -7.794229            44        45        22
        58        22       280  57.00000     -5.196152            46        47        23
        58        23       280  58.50000     -12.99038            48        49        24
        58        24       280  60.00000     -10.39230            50        51        25
        58        25       280  58.50000     -7.794229            52        53        26
        58        26       280  60.00000     -5.196152            54        55        27
        58        27       280  61.50000     -7.794229            56        57        28
        59         1       280  46.50000     -2.598076             4         5         2
        59         2       280  48.00000      0.000000             6         7         3
        59         3       280  49.50000     -2.598076             8         9         4
        59         4       280  51.00000      0.000000            10        11         5
        59         5       280  49.50000      2.598076            12        13         6
        59         6       280  51.00000      5.196152            14        15         7
        59         7       280  52.50000     -2.598076            16        17         8
        59         8       280  54.00000      0.000000            18        19         9
        59         9       280  52.50000      2.598076            20        21        10
        59        10       280  54.00000      5.196152            22        23        11
        59        11       280  55.50000     -2.598076            24        25        12
        59        12       280  57.00000      0.000000            26        27        13
        59        13       280  55.50000      2.598076            28        29        14
        59        14       280  57.00000      5.196152            30        31        15
        59        15       280  58.50000     -2.598076            32        33        16
        59        16       280  60.00000      0.000000            34        35        17
        59        17       280  58.50000      2.598076            36        37        18
        59        18       280  60.00000      5.196152            38        39        19
        59        19       280  61.50000     -2.598076            40        41        20
        59        20       280  61.50000      2.598076            42        43        21
        60         1       280  52.50000      7.794229             4         5         2
        60         2       280  54.00000      10.39230             6         7         3
        60         3       280  55.50000      7.794229             8         9         4
        60         4       280  57.00000      10.39230            10        11         5
        60         5       280  55.50000      12.99038            12        13         6
        60         6       280  57.00000      15.58846            14        15         7
        60         7       280  58.50000      7.794229            16        17         8
        60         8       280  60.00000      10.39230            18        19         9
        60         9       280  58.50000      12.99038            20        21        10
        60        10       280  60.00000      15.58846            22        23        11
        60        11       280  61.50000      7.794229            24        25        12
